Name,Stock_A
Symbol,AAA
Exchange,Exchange_01
Current Price,148.49

Stock Activity

Year,Month,Day,High,Low,Close,Volume
0,0,0,11.00,9.00,10.00,10000
0,0,1,-1.00,-1.00,7.79,-1
0,0,2,-1.00,-1.00,9.47,-1
0,0,3,-1.00,-1.00,10.46,-1
0,0,4,-1.00,-1.00,8.77,-1
0,0,5,-1.00,-1.00,8.83,-1
0,0,6,-1.00,-1.00,8.67,-1
0,0,7,-1.00,-1.00,9.75,-1
0,0,8,-1.00,-1.00,10.54,-1
0,0,9,-1.00,-1.00,8.56,-1
0,0,10,-1.00,-1.00,8.16,-1
0,0,11,-1.00,-1.00,9.48,-1
0,0,12,-1.00,-1.00,11.29,-1
0,0,13,-1.00,-1.00,10.82,-1
0,0,14,-1.00,-1.00,10.66,-1
0,0,15,-1.00,-1.00,10.60,-1
0,0,16,-1.00,-1.00,13.31,-1
0,0,17,-1.00,-1.00,14.57,-1
0,0,18,-1.00,-1.00,13.54,-1
0,0,19,-1.00,-1.00,15.29,-1
0,0,20,-1.00,-1.00,16.27,-1
0,0,21,-1.00,-1.00,18.09,-1
0,0,22,-1.00,-1.00,17.26,-1
0,0,23,-1.00,-1.00,16.66,-1
0,0,24,-1.00,-1.00,17.23,-1
0,0,25,-1.00,-1.00,18.86,-1
0,0,26,-1.00,-1.00,19.88,-1
0,0,27,-1.00,-1.00,22.62,-1
0,0,28,-1.00,-1.00,24.14,-1
0,0,29,-1.00,-1.00,25.50,-1
0,0,30,-1.00,-1.00,23.59,-1
0,0,31,-1.00,-1.00,23.56,-1
0,0,32,-1.00,-1.00,25.03,-1
0,0,33,-1.00,-1.00,23.07,-1
0,0,34,-1.00,-1.00,22.86,-1
0,0,35,-1.00,-1.00,24.36,-1
0,0,36,-1.00,-1.00,24.38,-1
0,0,37,-1.00,-1.00,21.11,-1
0,0,38,-1.00,-1.00,19.13,-1
0,0,39,-1.00,-1.00,18.85,-1
0,0,40,-1.00,-1.00,19.29,-1
0,0,41,-1.00,-1.00,20.30,-1
0,0,42,-1.00,-1.00,17.17,-1
0,0,43,-1.00,-1.00,18.79,-1
0,0,44,-1.00,-1.00,20.56,-1
0,0,45,-1.00,-1.00,21.94,-1
0,0,46,-1.00,-1.00,21.23,-1
0,0,47,-1.00,-1.00,23.40,-1
0,0,48,-1.00,-1.00,23.97,-1
0,0,49,-1.00,-1.00,26.34,-1
0,0,50,-1.00,-1.00,26.51,-1
0,0,51,-1.00,-1.00,28.81,-1
0,0,52,-1.00,-1.00,30.97,-1
0,0,53,-1.00,-1.00,32.28,-1
0,0,54,-1.00,-1.00,32.50,-1
0,0,55,-1.00,-1.00,30.02,-1
0,0,56,-1.00,-1.00,27.42,-1
0,0,57,-1.00,-1.00,25.95,-1
0,0,58,-1.00,-1.00,26.91,-1
0,0,59,-1.00,-1.00,25.45,-1
0,0,60,-1.00,-1.00,22.96,-1
0,0,61,-1.00,-1.00,23.38,-1
0,0,62,-1.00,-1.00,23.04,-1
0,0,63,-1.00,-1.00,22.24,-1
0,0,64,-1.00,-1.00,21.98,-1
0,0,65,-1.00,-1.00,24.56,-1
0,0,66,-1.00,-1.00,27.71,-1
0,0,67,-1.00,-1.00,24.29,-1
0,0,68,-1.00,-1.00,24.15,-1
0,0,69,-1.00,-1.00,23.21,-1
0,0,70,-1.00,-1.00,20.80,-1
0,0,71,-1.00,-1.00,23.80,-1
0,0,72,-1.00,-1.00,22.45,-1
0,0,73,-1.00,-1.00,20.58,-1
0,0,74,-1.00,-1.00,21.43,-1
0,0,75,-1.00,-1.00,22.34,-1
0,0,76,-1.00,-1.00,21.73,-1
0,0,77,-1.00,-1.00,21.79,-1
0,0,78,-1.00,-1.00,19.53,-1
0,0,79,-1.00,-1.00,17.12,-1
0,0,80,-1.00,-1.00,14.98,-1
0,0,81,-1.00,-1.00,17.09,-1
0,0,82,-1.00,-1.00,16.67,-1
0,0,83,-1.00,-1.00,15.86,-1
0,0,84,-1.00,-1.00,13.64,-1
0,0,85,-1.00,-1.00,14.60,-1
0,0,86,-1.00,-1.00,15.31,-1
0,0,87,-1.00,-1.00,13.97,-1
0,0,88,-1.00,-1.00,12.64,-1
0,0,89,-1.00,-1.00,11.72,-1
0,0,90,-1.00,-1.00,14.25,-1
0,0,91,-1.00,-1.00,18.36,-1
0,0,92,-1.00,-1.00,16.75,-1
0,0,93,-1.00,-1.00,15.25,-1
0,0,94,-1.00,-1.00,14.52,-1
0,0,95,-1.00,-1.00,12.82,-1
0,0,96,-1.00,-1.00,16.06,-1
0,0,97,-1.00,-1.00,17.53,-1
0,0,98,-1.00,-1.00,17.89,-1
0,0,99,-1.00,-1.00,14.90,-1
0,0,100,-1.00,-1.00,16.55,-1
0,0,101,-1.00,-1.00,15.58,-1
0,0,102,-1.00,-1.00,14.39,-1
0,0,103,-1.00,-1.00,16.44,-1
0,0,104,-1.00,-1.00,16.08,-1
0,0,105,-1.00,-1.00,15.66,-1
0,0,106,-1.00,-1.00,18.00,-1
0,0,107,-1.00,-1.00,18.41,-1
0,0,108,-1.00,-1.00,18.29,-1
0,0,109,-1.00,-1.00,18.46,-1
0,0,110,-1.00,-1.00,17.05,-1
0,0,111,-1.00,-1.00,17.03,-1
0,0,112,-1.00,-1.00,16.66,-1
0,0,113,-1.00,-1.00,16.64,-1
0,0,114,-1.00,-1.00,17.13,-1
0,0,115,-1.00,-1.00,18.49,-1
0,0,116,-1.00,-1.00,17.38,-1
0,0,117,-1.00,-1.00,18.30,-1
0,0,118,-1.00,-1.00,20.05,-1
0,0,119,-1.00,-1.00,17.13,-1
0,0,120,-1.00,-1.00,15.61,-1
0,0,121,-1.00,-1.00,18.97,-1
0,0,122,-1.00,-1.00,19.70,-1
0,0,123,-1.00,-1.00,21.06,-1
0,0,124,-1.00,-1.00,19.51,-1
0,0,125,-1.00,-1.00,21.97,-1
0,0,126,-1.00,-1.00,22.62,-1
0,0,127,-1.00,-1.00,21.98,-1
0,0,128,-1.00,-1.00,19.86,-1
0,0,129,-1.00,-1.00,18.19,-1
0,0,130,-1.00,-1.00,17.97,-1
0,0,131,-1.00,-1.00,16.84,-1
0,0,132,-1.00,-1.00,13.98,-1
0,0,133,-1.00,-1.00,12.01,-1
0,0,134,-1.00,-1.00,11.73,-1
0,0,135,-1.00,-1.00,12.19,-1
0,0,136,-1.00,-1.00,11.70,-1
0,0,137,-1.00,-1.00,14.48,-1
0,0,138,-1.00,-1.00,13.48,-1
0,0,139,-1.00,-1.00,12.59,-1
0,0,140,-1.00,-1.00,11.49,-1
0,0,141,-1.00,-1.00,9.50,-1
0,0,142,-1.00,-1.00,10.15,-1
0,0,143,-1.00,-1.00,8.48,-1
0,0,144,-1.00,-1.00,10.09,-1
0,0,145,-1.00,-1.00,13.53,-1
0,0,146,-1.00,-1.00,13.42,-1
0,0,147,-1.00,-1.00,15.46,-1
0,0,148,-1.00,-1.00,16.82,-1
0,0,149,-1.00,-1.00,16.33,-1
0,0,150,-1.00,-1.00,13.89,-1
0,0,151,-1.00,-1.00,10.60,-1
0,0,152,-1.00,-1.00,8.21,-1
0,0,153,-1.00,-1.00,8.69,-1
0,0,154,-1.00,-1.00,7.23,-1
0,0,155,-1.00,-1.00,6.59,-1
0,0,156,-1.00,-1.00,5.76,-1
0,0,157,-1.00,-1.00,4.88,-1
0,0,158,-1.00,-1.00,7.13,-1
0,0,159,-1.00,-1.00,6.16,-1
0,0,160,-1.00,-1.00,3.75,-1
0,0,161,-1.00,-1.00,4.19,-1
0,0,162,-1.00,-1.00,4.56,-1
0,0,163,-1.00,-1.00,6.95,-1
0,0,164,-1.00,-1.00,7.18,-1
0,0,165,-1.00,-1.00,6.65,-1
0,0,166,-1.00,-1.00,6.83,-1
0,0,167,-1.00,-1.00,6.48,-1
0,0,168,-1.00,-1.00,5.45,-1
0,0,169,-1.00,-1.00,5.82,-1
0,0,170,-1.00,-1.00,5.54,-1
0,0,171,-1.00,-1.00,6.42,-1
0,0,172,-1.00,-1.00,8.38,-1
0,0,173,-1.00,-1.00,7.31,-1
0,0,174,-1.00,-1.00,9.60,-1
0,0,175,-1.00,-1.00,7.98,-1
0,0,176,-1.00,-1.00,8.19,-1
0,0,177,-1.00,-1.00,10.64,-1
0,0,178,-1.00,-1.00,10.44,-1
0,0,179,-1.00,-1.00,12.30,-1
0,0,180,-1.00,-1.00,11.99,-1
0,0,181,-1.00,-1.00,12.89,-1
0,0,182,-1.00,-1.00,14.97,-1
0,0,183,-1.00,-1.00,17.14,-1
0,0,184,-1.00,-1.00,17.55,-1
0,0,185,-1.00,-1.00,15.77,-1
0,0,186,-1.00,-1.00,13.94,-1
0,0,187,-1.00,-1.00,16.17,-1
0,0,188,-1.00,-1.00,17.38,-1
0,0,189,-1.00,-1.00,15.48,-1
0,0,190,-1.00,-1.00,16.04,-1
0,0,191,-1.00,-1.00,18.44,-1
0,0,192,-1.00,-1.00,16.63,-1
0,0,193,-1.00,-1.00,16.68,-1
0,0,194,-1.00,-1.00,14.89,-1
0,0,195,-1.00,-1.00,16.56,-1
0,0,196,-1.00,-1.00,15.65,-1
0,0,197,-1.00,-1.00,15.88,-1
0,0,198,-1.00,-1.00,15.85,-1
0,0,199,-1.00,-1.00,15.18,-1
0,0,200,-1.00,-1.00,15.14,-1
0,0,201,-1.00,-1.00,15.01,-1
0,0,202,-1.00,-1.00,14.63,-1
0,0,203,-1.00,-1.00,14.86,-1
0,0,204,-1.00,-1.00,14.83,-1
0,0,205,-1.00,-1.00,13.84,-1
0,0,206,-1.00,-1.00,12.68,-1
0,0,207,-1.00,-1.00,14.79,-1
0,0,208,-1.00,-1.00,13.72,-1
0,0,209,-1.00,-1.00,10.87,-1
0,0,210,-1.00,-1.00,11.35,-1
0,0,211,-1.00,-1.00,12.96,-1
0,0,212,-1.00,-1.00,9.90,-1
0,0,213,-1.00,-1.00,10.69,-1
0,0,214,-1.00,-1.00,12.55,-1
0,0,215,-1.00,-1.00,12.54,-1
0,0,216,-1.00,-1.00,15.87,-1
0,0,217,-1.00,-1.00,16.30,-1
0,0,218,-1.00,-1.00,13.90,-1
0,0,219,-1.00,-1.00,12.44,-1
0,0,220,-1.00,-1.00,12.34,-1
0,0,221,-1.00,-1.00,14.24,-1
0,0,222,-1.00,-1.00,13.66,-1
0,0,223,-1.00,-1.00,14.42,-1
0,0,224,-1.00,-1.00,14.48,-1
0,0,225,-1.00,-1.00,16.64,-1
0,0,226,-1.00,-1.00,14.40,-1
0,0,227,-1.00,-1.00,18.94,-1
0,0,228,-1.00,-1.00,19.13,-1
0,0,229,-1.00,-1.00,22.92,-1
0,0,230,-1.00,-1.00,22.30,-1
0,0,231,-1.00,-1.00,21.93,-1
0,0,232,-1.00,-1.00,23.72,-1
0,0,233,-1.00,-1.00,23.06,-1
0,0,234,-1.00,-1.00,20.03,-1
0,0,235,-1.00,-1.00,19.88,-1
0,0,236,-1.00,-1.00,19.69,-1
0,0,237,-1.00,-1.00,16.17,-1
0,0,238,-1.00,-1.00,16.87,-1
0,0,239,-1.00,-1.00,15.84,-1
0,0,240,-1.00,-1.00,21.08,-1
0,0,241,-1.00,-1.00,18.82,-1
0,0,242,-1.00,-1.00,16.82,-1
0,0,243,-1.00,-1.00,18.81,-1
0,0,244,-1.00,-1.00,19.34,-1
0,0,245,-1.00,-1.00,19.77,-1
0,0,246,-1.00,-1.00,19.27,-1
0,0,247,-1.00,-1.00,19.13,-1
0,0,248,-1.00,-1.00,19.47,-1
0,0,249,-1.00,-1.00,22.93,-1
0,0,250,-1.00,-1.00,23.09,-1
0,0,251,-1.00,-1.00,24.07,-1
0,0,252,-1.00,-1.00,22.47,-1
0,0,253,-1.00,-1.00,22.20,-1
0,0,254,-1.00,-1.00,20.21,-1
0,0,255,-1.00,-1.00,20.60,-1
0,0,256,-1.00,-1.00,19.36,-1
0,0,257,-1.00,-1.00,19.43,-1
0,0,258,-1.00,-1.00,22.66,-1
0,0,259,-1.00,-1.00,24.93,-1
0,0,260,-1.00,-1.00,21.95,-1
0,0,261,-1.00,-1.00,19.34,-1
0,0,262,-1.00,-1.00,23.19,-1
0,0,263,-1.00,-1.00,24.09,-1
0,0,264,-1.00,-1.00,25.83,-1
0,0,265,-1.00,-1.00,28.97,-1
0,0,266,-1.00,-1.00,29.21,-1
0,0,267,-1.00,-1.00,29.12,-1
0,0,268,-1.00,-1.00,28.42,-1
0,0,269,-1.00,-1.00,26.27,-1
0,0,270,-1.00,-1.00,29.38,-1
0,0,271,-1.00,-1.00,30.99,-1
0,0,272,-1.00,-1.00,31.44,-1
0,0,273,-1.00,-1.00,33.91,-1
0,0,274,-1.00,-1.00,34.55,-1
0,0,275,-1.00,-1.00,33.21,-1
0,0,276,-1.00,-1.00,32.92,-1
0,0,277,-1.00,-1.00,32.49,-1
0,0,278,-1.00,-1.00,28.97,-1
0,0,279,-1.00,-1.00,32.31,-1
0,0,280,-1.00,-1.00,32.08,-1
0,0,281,-1.00,-1.00,33.52,-1
0,0,282,-1.00,-1.00,33.25,-1
0,0,283,-1.00,-1.00,33.80,-1
0,0,284,-1.00,-1.00,33.05,-1
0,0,285,-1.00,-1.00,36.07,-1
0,0,286,-1.00,-1.00,35.37,-1
0,0,287,-1.00,-1.00,34.92,-1
0,0,288,-1.00,-1.00,33.93,-1
0,0,289,-1.00,-1.00,34.75,-1
0,0,290,-1.00,-1.00,33.37,-1
0,0,291,-1.00,-1.00,33.29,-1
0,0,292,-1.00,-1.00,32.99,-1
0,0,293,-1.00,-1.00,32.51,-1
0,0,294,-1.00,-1.00,35.05,-1
0,0,295,-1.00,-1.00,33.26,-1
0,0,296,-1.00,-1.00,33.91,-1
0,0,297,-1.00,-1.00,34.39,-1
0,0,298,-1.00,-1.00,35.13,-1
0,0,299,-1.00,-1.00,35.95,-1
0,0,300,-1.00,-1.00,36.08,-1
0,0,301,-1.00,-1.00,37.31,-1
0,0,302,-1.00,-1.00,38.13,-1
0,0,303,-1.00,-1.00,37.75,-1
0,0,304,-1.00,-1.00,39.25,-1
0,0,305,-1.00,-1.00,39.92,-1
0,0,306,-1.00,-1.00,40.67,-1
0,0,307,-1.00,-1.00,40.94,-1
0,0,308,-1.00,-1.00,40.35,-1
0,0,309,-1.00,-1.00,41.36,-1
0,0,310,-1.00,-1.00,42.44,-1
0,0,311,-1.00,-1.00,44.66,-1
0,0,312,-1.00,-1.00,44.60,-1
0,0,313,-1.00,-1.00,44.75,-1
0,0,314,-1.00,-1.00,44.94,-1
0,0,315,-1.00,-1.00,47.45,-1
0,0,316,-1.00,-1.00,48.00,-1
0,0,317,-1.00,-1.00,46.86,-1
0,0,318,-1.00,-1.00,43.46,-1
0,0,319,-1.00,-1.00,44.10,-1
0,0,320,-1.00,-1.00,43.95,-1
0,0,321,-1.00,-1.00,46.02,-1
0,0,322,-1.00,-1.00,45.93,-1
0,0,323,-1.00,-1.00,45.68,-1
0,0,324,-1.00,-1.00,49.57,-1
0,0,325,-1.00,-1.00,46.03,-1
0,0,326,-1.00,-1.00,45.21,-1
0,0,327,-1.00,-1.00,42.70,-1
0,0,328,-1.00,-1.00,41.86,-1
0,0,329,-1.00,-1.00,41.33,-1
0,0,330,-1.00,-1.00,39.29,-1
0,0,331,-1.00,-1.00,39.71,-1
0,0,332,-1.00,-1.00,39.50,-1
0,0,333,-1.00,-1.00,42.72,-1
0,0,334,-1.00,-1.00,43.16,-1
0,0,335,-1.00,-1.00,43.92,-1
0,0,336,-1.00,-1.00,43.11,-1
0,0,337,-1.00,-1.00,42.52,-1
0,0,338,-1.00,-1.00,41.43,-1
0,0,339,-1.00,-1.00,44.21,-1
0,0,340,-1.00,-1.00,45.97,-1
0,0,341,-1.00,-1.00,46.45,-1
0,0,342,-1.00,-1.00,47.22,-1
0,0,343,-1.00,-1.00,46.09,-1
0,0,344,-1.00,-1.00,46.31,-1
0,0,345,-1.00,-1.00,47.43,-1
0,0,346,-1.00,-1.00,46.42,-1
0,0,347,-1.00,-1.00,45.02,-1
0,0,348,-1.00,-1.00,46.79,-1
0,0,349,-1.00,-1.00,46.31,-1
0,0,350,-1.00,-1.00,49.30,-1
0,0,351,-1.00,-1.00,51.87,-1
0,0,352,-1.00,-1.00,51.30,-1
0,0,353,-1.00,-1.00,51.92,-1
0,0,354,-1.00,-1.00,54.94,-1
0,0,355,-1.00,-1.00,54.19,-1
0,0,356,-1.00,-1.00,52.92,-1
0,0,357,-1.00,-1.00,54.40,-1
0,0,358,-1.00,-1.00,54.21,-1
0,0,359,-1.00,-1.00,55.73,-1
0,0,360,-1.00,-1.00,54.21,-1
0,0,361,-1.00,-1.00,52.85,-1
0,0,362,-1.00,-1.00,53.04,-1
0,0,363,-1.00,-1.00,53.91,-1
0,0,364,-1.00,-1.00,54.40,-1
0,0,365,-1.00,-1.00,54.26,-1
0,0,366,-1.00,-1.00,58.16,-1
0,0,367,-1.00,-1.00,57.13,-1
0,0,368,-1.00,-1.00,59.10,-1
0,0,369,-1.00,-1.00,61.25,-1
0,0,370,-1.00,-1.00,61.41,-1
0,0,371,-1.00,-1.00,61.86,-1
0,0,372,-1.00,-1.00,61.59,-1
0,0,373,-1.00,-1.00,61.11,-1
0,0,374,-1.00,-1.00,60.82,-1
0,0,375,-1.00,-1.00,59.79,-1
0,0,376,-1.00,-1.00,61.99,-1
0,0,377,-1.00,-1.00,62.20,-1
0,0,378,-1.00,-1.00,61.91,-1
0,0,379,-1.00,-1.00,61.50,-1
0,0,380,-1.00,-1.00,57.69,-1
0,0,381,-1.00,-1.00,56.37,-1
0,0,382,-1.00,-1.00,57.83,-1
0,0,383,-1.00,-1.00,58.72,-1
0,0,384,-1.00,-1.00,61.06,-1
0,0,385,-1.00,-1.00,63.34,-1
0,0,386,-1.00,-1.00,65.62,-1
0,0,387,-1.00,-1.00,64.76,-1
0,0,388,-1.00,-1.00,63.33,-1
0,0,389,-1.00,-1.00,62.87,-1
0,0,390,-1.00,-1.00,63.69,-1
0,0,391,-1.00,-1.00,63.62,-1
0,0,392,-1.00,-1.00,61.72,-1
0,0,393,-1.00,-1.00,62.44,-1
0,0,394,-1.00,-1.00,63.07,-1
0,0,395,-1.00,-1.00,65.17,-1
0,0,396,-1.00,-1.00,64.63,-1
0,0,397,-1.00,-1.00,65.77,-1
0,0,398,-1.00,-1.00,65.47,-1
0,0,399,-1.00,-1.00,66.34,-1
0,0,400,-1.00,-1.00,66.63,-1
0,0,401,-1.00,-1.00,63.42,-1
0,0,402,-1.00,-1.00,65.15,-1
0,0,403,-1.00,-1.00,66.07,-1
0,0,404,-1.00,-1.00,65.04,-1
0,0,405,-1.00,-1.00,68.76,-1
0,0,406,-1.00,-1.00,70.36,-1
0,0,407,-1.00,-1.00,73.87,-1
0,0,408,-1.00,-1.00,72.20,-1
0,0,409,-1.00,-1.00,72.03,-1
0,0,410,-1.00,-1.00,73.80,-1
0,0,411,-1.00,-1.00,74.94,-1
0,0,412,-1.00,-1.00,75.62,-1
0,0,413,-1.00,-1.00,74.22,-1
0,0,414,-1.00,-1.00,72.53,-1
0,0,415,-1.00,-1.00,74.13,-1
0,0,416,-1.00,-1.00,75.96,-1
0,0,417,-1.00,-1.00,76.01,-1
0,0,418,-1.00,-1.00,76.44,-1
0,0,419,-1.00,-1.00,77.05,-1
0,0,420,-1.00,-1.00,76.85,-1
0,0,421,-1.00,-1.00,78.64,-1
0,0,422,-1.00,-1.00,76.67,-1
0,0,423,-1.00,-1.00,74.96,-1
0,0,424,-1.00,-1.00,75.53,-1
0,0,425,-1.00,-1.00,75.90,-1
0,0,426,-1.00,-1.00,75.32,-1
0,0,427,-1.00,-1.00,77.39,-1
0,0,428,-1.00,-1.00,78.51,-1
0,0,429,-1.00,-1.00,75.79,-1
0,0,430,-1.00,-1.00,75.11,-1
0,0,431,-1.00,-1.00,76.28,-1
0,0,432,-1.00,-1.00,76.51,-1
0,0,433,-1.00,-1.00,75.35,-1
0,0,434,-1.00,-1.00,76.50,-1
0,0,435,-1.00,-1.00,78.62,-1
0,0,436,-1.00,-1.00,78.79,-1
0,0,437,-1.00,-1.00,78.26,-1
0,0,438,-1.00,-1.00,79.40,-1
0,0,439,-1.00,-1.00,80.68,-1
0,0,440,-1.00,-1.00,82.59,-1
0,0,441,-1.00,-1.00,81.50,-1
0,0,442,-1.00,-1.00,79.93,-1
0,0,443,-1.00,-1.00,83.53,-1
0,0,444,-1.00,-1.00,83.70,-1
0,0,445,-1.00,-1.00,83.53,-1
0,0,446,-1.00,-1.00,82.15,-1
0,0,447,-1.00,-1.00,82.60,-1
0,0,448,-1.00,-1.00,84.29,-1
0,0,449,-1.00,-1.00,82.17,-1
0,0,450,-1.00,-1.00,83.63,-1
0,0,451,-1.00,-1.00,82.67,-1
0,0,452,-1.00,-1.00,81.73,-1
0,0,453,-1.00,-1.00,81.42,-1
0,0,454,-1.00,-1.00,83.77,-1
0,0,455,-1.00,-1.00,81.71,-1
0,0,456,-1.00,-1.00,82.14,-1
0,0,457,-1.00,-1.00,81.66,-1
0,0,458,-1.00,-1.00,82.17,-1
0,0,459,-1.00,-1.00,83.43,-1
0,0,460,-1.00,-1.00,82.79,-1
0,0,461,-1.00,-1.00,80.21,-1
0,0,462,-1.00,-1.00,81.22,-1
0,0,463,-1.00,-1.00,80.61,-1
0,0,464,-1.00,-1.00,79.72,-1
0,0,465,-1.00,-1.00,78.83,-1
0,0,466,-1.00,-1.00,78.99,-1
0,0,467,-1.00,-1.00,80.03,-1
0,0,468,-1.00,-1.00,78.84,-1
0,0,469,-1.00,-1.00,77.50,-1
0,0,470,-1.00,-1.00,76.69,-1
0,0,471,-1.00,-1.00,75.38,-1
0,0,472,-1.00,-1.00,75.06,-1
0,0,473,-1.00,-1.00,72.56,-1
0,0,474,-1.00,-1.00,72.71,-1
0,0,475,-1.00,-1.00,72.25,-1
0,0,476,-1.00,-1.00,70.08,-1
0,0,477,-1.00,-1.00,73.40,-1
0,0,478,-1.00,-1.00,71.90,-1
0,0,479,-1.00,-1.00,73.18,-1
0,0,480,-1.00,-1.00,72.06,-1
0,0,481,-1.00,-1.00,73.18,-1
0,0,482,-1.00,-1.00,74.10,-1
0,0,483,-1.00,-1.00,72.39,-1
0,0,484,-1.00,-1.00,69.40,-1
0,0,485,-1.00,-1.00,69.51,-1
0,0,486,-1.00,-1.00,69.79,-1
0,0,487,-1.00,-1.00,72.80,-1
0,0,488,-1.00,-1.00,71.41,-1
0,0,489,-1.00,-1.00,72.27,-1
0,0,490,-1.00,-1.00,73.10,-1
0,0,491,-1.00,-1.00,73.79,-1
0,0,492,-1.00,-1.00,77.90,-1
0,0,493,-1.00,-1.00,76.96,-1
0,0,494,-1.00,-1.00,76.16,-1
0,0,495,-1.00,-1.00,76.75,-1
0,0,496,-1.00,-1.00,76.50,-1
0,0,497,-1.00,-1.00,77.52,-1
0,0,498,-1.00,-1.00,77.61,-1
0,0,499,-1.00,-1.00,78.14,-1
0,0,500,-1.00,-1.00,77.95,-1
0,0,501,-1.00,-1.00,80.48,-1
0,0,502,-1.00,-1.00,81.34,-1
0,0,503,-1.00,-1.00,79.76,-1
0,0,504,-1.00,-1.00,82.70,-1
0,0,505,-1.00,-1.00,82.50,-1
0,0,506,-1.00,-1.00,83.20,-1
0,0,507,-1.00,-1.00,82.54,-1
0,0,508,-1.00,-1.00,81.57,-1
0,0,509,-1.00,-1.00,82.47,-1
0,0,510,-1.00,-1.00,80.16,-1
0,0,511,-1.00,-1.00,81.48,-1
0,0,512,-1.00,-1.00,81.44,-1
0,0,513,-1.00,-1.00,84.80,-1
0,0,514,-1.00,-1.00,87.54,-1
0,0,515,-1.00,-1.00,89.17,-1
0,0,516,-1.00,-1.00,86.15,-1
0,0,517,-1.00,-1.00,84.69,-1
0,0,518,-1.00,-1.00,83.68,-1
0,0,519,-1.00,-1.00,83.36,-1
0,0,520,-1.00,-1.00,81.12,-1
0,0,521,-1.00,-1.00,79.98,-1
0,0,522,-1.00,-1.00,81.20,-1
0,0,523,-1.00,-1.00,82.13,-1
0,0,524,-1.00,-1.00,82.74,-1
0,0,525,-1.00,-1.00,82.27,-1
0,0,526,-1.00,-1.00,83.85,-1
0,0,527,-1.00,-1.00,83.88,-1
0,0,528,-1.00,-1.00,85.57,-1
0,0,529,-1.00,-1.00,88.75,-1
0,0,530,-1.00,-1.00,91.55,-1
0,0,531,-1.00,-1.00,91.73,-1
0,0,532,-1.00,-1.00,91.64,-1
0,0,533,-1.00,-1.00,88.63,-1
0,0,534,-1.00,-1.00,88.41,-1
0,0,535,-1.00,-1.00,90.34,-1
0,0,536,-1.00,-1.00,90.28,-1
0,0,537,-1.00,-1.00,87.24,-1
0,0,538,-1.00,-1.00,84.76,-1
0,0,539,-1.00,-1.00,85.40,-1
0,0,540,-1.00,-1.00,86.85,-1
0,0,541,-1.00,-1.00,85.31,-1
0,0,542,-1.00,-1.00,85.65,-1
0,0,543,-1.00,-1.00,87.43,-1
0,0,544,-1.00,-1.00,86.47,-1
0,0,545,-1.00,-1.00,86.46,-1
0,0,546,-1.00,-1.00,88.38,-1
0,0,547,-1.00,-1.00,88.47,-1
0,0,548,-1.00,-1.00,92.92,-1
0,0,549,-1.00,-1.00,92.25,-1
0,0,550,-1.00,-1.00,94.80,-1
0,0,551,-1.00,-1.00,91.26,-1
0,0,552,-1.00,-1.00,90.48,-1
0,0,553,-1.00,-1.00,88.97,-1
0,0,554,-1.00,-1.00,91.04,-1
0,0,555,-1.00,-1.00,91.37,-1
0,0,556,-1.00,-1.00,92.00,-1
0,0,557,-1.00,-1.00,93.60,-1
0,0,558,-1.00,-1.00,94.86,-1
0,0,559,-1.00,-1.00,97.72,-1
0,0,560,-1.00,-1.00,95.28,-1
0,0,561,-1.00,-1.00,97.16,-1
0,0,562,-1.00,-1.00,96.17,-1
0,0,563,-1.00,-1.00,93.15,-1
0,0,564,-1.00,-1.00,93.69,-1
0,0,565,-1.00,-1.00,94.87,-1
0,0,566,-1.00,-1.00,93.60,-1
0,0,567,-1.00,-1.00,95.36,-1
0,0,568,-1.00,-1.00,94.65,-1
0,0,569,-1.00,-1.00,96.53,-1
0,0,570,-1.00,-1.00,96.30,-1
0,0,571,-1.00,-1.00,96.35,-1
0,0,572,-1.00,-1.00,94.56,-1
0,0,573,-1.00,-1.00,93.40,-1
0,0,574,-1.00,-1.00,95.37,-1
0,0,575,-1.00,-1.00,95.95,-1
0,0,576,-1.00,-1.00,96.82,-1
0,0,577,-1.00,-1.00,97.94,-1
0,0,578,-1.00,-1.00,100.51,-1
0,0,579,-1.00,-1.00,102.93,-1
0,0,580,-1.00,-1.00,100.77,-1
0,0,581,-1.00,-1.00,100.44,-1
0,0,582,-1.00,-1.00,101.03,-1
0,0,583,-1.00,-1.00,104.19,-1
0,0,584,-1.00,-1.00,107.41,-1
0,0,585,-1.00,-1.00,107.91,-1
0,0,586,-1.00,-1.00,102.48,-1
0,0,587,-1.00,-1.00,103.30,-1
0,0,588,-1.00,-1.00,102.66,-1
0,0,589,-1.00,-1.00,106.26,-1
0,0,590,-1.00,-1.00,107.37,-1
0,0,591,-1.00,-1.00,108.31,-1
0,0,592,-1.00,-1.00,107.48,-1
0,0,593,-1.00,-1.00,105.76,-1
0,0,594,-1.00,-1.00,105.27,-1
0,0,595,-1.00,-1.00,104.59,-1
0,0,596,-1.00,-1.00,104.49,-1
0,0,597,-1.00,-1.00,108.15,-1
0,0,598,-1.00,-1.00,107.36,-1
0,0,599,-1.00,-1.00,107.63,-1
0,0,600,-1.00,-1.00,105.04,-1
0,0,601,-1.00,-1.00,100.74,-1
0,0,602,-1.00,-1.00,101.59,-1
0,0,603,-1.00,-1.00,104.46,-1
0,0,604,-1.00,-1.00,103.27,-1
0,0,605,-1.00,-1.00,102.72,-1
0,0,606,-1.00,-1.00,101.26,-1
0,0,607,-1.00,-1.00,101.55,-1
0,0,608,-1.00,-1.00,101.15,-1
0,0,609,-1.00,-1.00,100.20,-1
0,0,610,-1.00,-1.00,101.81,-1
0,0,611,-1.00,-1.00,102.91,-1
0,0,612,-1.00,-1.00,104.82,-1
0,0,613,-1.00,-1.00,104.71,-1
0,0,614,-1.00,-1.00,104.42,-1
0,0,615,-1.00,-1.00,103.74,-1
0,0,616,-1.00,-1.00,101.48,-1
0,0,617,-1.00,-1.00,103.79,-1
0,0,618,-1.00,-1.00,104.27,-1
0,0,619,-1.00,-1.00,103.03,-1
0,0,620,-1.00,-1.00,105.58,-1
0,0,621,-1.00,-1.00,105.36,-1
0,0,622,-1.00,-1.00,103.40,-1
0,0,623,-1.00,-1.00,102.71,-1
0,0,624,-1.00,-1.00,103.42,-1
0,0,625,-1.00,-1.00,101.90,-1
0,0,626,-1.00,-1.00,101.29,-1
0,0,627,-1.00,-1.00,103.01,-1
0,0,628,-1.00,-1.00,103.77,-1
0,0,629,-1.00,-1.00,105.07,-1
0,0,630,-1.00,-1.00,105.36,-1
0,0,631,-1.00,-1.00,106.26,-1
0,0,632,-1.00,-1.00,105.68,-1
0,0,633,-1.00,-1.00,106.60,-1
0,0,634,-1.00,-1.00,107.21,-1
0,0,635,-1.00,-1.00,107.89,-1
0,0,636,-1.00,-1.00,108.11,-1
0,0,637,-1.00,-1.00,109.58,-1
0,0,638,-1.00,-1.00,111.29,-1
0,0,639,-1.00,-1.00,112.98,-1
0,0,640,-1.00,-1.00,111.99,-1
0,0,641,-1.00,-1.00,110.90,-1
0,0,642,-1.00,-1.00,109.87,-1
0,0,643,-1.00,-1.00,110.47,-1
0,0,644,-1.00,-1.00,108.95,-1
0,0,645,-1.00,-1.00,106.81,-1
0,0,646,-1.00,-1.00,108.37,-1
0,0,647,-1.00,-1.00,107.08,-1
0,0,648,-1.00,-1.00,105.79,-1
0,0,649,-1.00,-1.00,106.68,-1
0,0,650,-1.00,-1.00,106.49,-1
0,0,651,-1.00,-1.00,107.83,-1
0,0,652,-1.00,-1.00,109.65,-1
0,0,653,-1.00,-1.00,110.31,-1
0,0,654,-1.00,-1.00,112.37,-1
0,0,655,-1.00,-1.00,109.21,-1
0,0,656,-1.00,-1.00,110.31,-1
0,0,657,-1.00,-1.00,110.42,-1
0,0,658,-1.00,-1.00,110.67,-1
0,0,659,-1.00,-1.00,113.47,-1
0,0,660,-1.00,-1.00,112.72,-1
0,0,661,-1.00,-1.00,113.80,-1
0,0,662,-1.00,-1.00,116.63,-1
0,0,663,-1.00,-1.00,114.91,-1
0,0,664,-1.00,-1.00,115.52,-1
0,0,665,-1.00,-1.00,114.89,-1
0,0,666,-1.00,-1.00,114.93,-1
0,0,667,-1.00,-1.00,114.50,-1
0,0,668,-1.00,-1.00,116.10,-1
0,0,669,-1.00,-1.00,116.29,-1
0,0,670,-1.00,-1.00,116.21,-1
0,0,671,-1.00,-1.00,114.84,-1
0,0,672,-1.00,-1.00,116.23,-1
0,0,673,-1.00,-1.00,116.13,-1
0,0,674,-1.00,-1.00,114.82,-1
0,0,675,-1.00,-1.00,114.36,-1
0,0,676,-1.00,-1.00,114.88,-1
0,0,677,-1.00,-1.00,115.38,-1
0,0,678,-1.00,-1.00,115.42,-1
0,0,679,-1.00,-1.00,115.38,-1
0,0,680,-1.00,-1.00,115.57,-1
0,0,681,-1.00,-1.00,115.54,-1
0,0,682,-1.00,-1.00,116.00,-1
0,0,683,-1.00,-1.00,114.86,-1
0,0,684,-1.00,-1.00,114.69,-1
0,0,685,-1.00,-1.00,114.15,-1
0,0,686,-1.00,-1.00,112.04,-1
0,0,687,-1.00,-1.00,109.99,-1
0,0,688,-1.00,-1.00,111.79,-1
0,0,689,-1.00,-1.00,112.06,-1
0,0,690,-1.00,-1.00,111.10,-1
0,0,691,-1.00,-1.00,112.77,-1
0,0,692,-1.00,-1.00,108.93,-1
0,0,693,-1.00,-1.00,104.02,-1
0,0,694,-1.00,-1.00,102.05,-1
0,0,695,-1.00,-1.00,101.08,-1
0,0,696,-1.00,-1.00,96.98,-1
0,0,697,-1.00,-1.00,95.74,-1
0,0,698,-1.00,-1.00,97.51,-1
0,0,699,-1.00,-1.00,98.82,-1
0,0,700,-1.00,-1.00,95.89,-1
0,0,701,-1.00,-1.00,94.57,-1
0,0,702,-1.00,-1.00,97.63,-1
0,0,703,-1.00,-1.00,96.82,-1
0,0,704,-1.00,-1.00,96.95,-1
0,0,705,-1.00,-1.00,95.92,-1
0,0,706,-1.00,-1.00,94.60,-1
0,0,707,-1.00,-1.00,94.74,-1
0,0,708,-1.00,-1.00,95.98,-1
0,0,709,-1.00,-1.00,99.14,-1
0,0,710,-1.00,-1.00,97.39,-1
0,0,711,-1.00,-1.00,95.75,-1
0,0,712,-1.00,-1.00,96.91,-1
0,0,713,-1.00,-1.00,97.85,-1
0,0,714,-1.00,-1.00,100.06,-1
0,0,715,-1.00,-1.00,98.72,-1
0,0,716,-1.00,-1.00,99.29,-1
0,0,717,-1.00,-1.00,98.94,-1
0,0,718,-1.00,-1.00,101.04,-1
0,0,719,-1.00,-1.00,103.69,-1
0,0,720,-1.00,-1.00,104.95,-1
0,0,721,-1.00,-1.00,105.20,-1
0,0,722,-1.00,-1.00,104.45,-1
0,0,723,-1.00,-1.00,103.21,-1
0,0,724,-1.00,-1.00,105.18,-1
0,0,725,-1.00,-1.00,103.29,-1
0,0,726,-1.00,-1.00,101.78,-1
0,0,727,-1.00,-1.00,101.56,-1
0,0,728,-1.00,-1.00,102.54,-1
0,0,729,-1.00,-1.00,101.89,-1
0,0,730,-1.00,-1.00,102.10,-1
0,0,731,-1.00,-1.00,99.03,-1
0,0,732,-1.00,-1.00,97.67,-1
0,0,733,-1.00,-1.00,96.91,-1
0,0,734,-1.00,-1.00,95.15,-1
0,0,735,-1.00,-1.00,96.62,-1
0,0,736,-1.00,-1.00,101.30,-1
0,0,737,-1.00,-1.00,102.16,-1
0,0,738,-1.00,-1.00,103.36,-1
0,0,739,-1.00,-1.00,102.61,-1
0,0,740,-1.00,-1.00,101.22,-1
0,0,741,-1.00,-1.00,100.28,-1
0,0,742,-1.00,-1.00,102.99,-1
0,0,743,-1.00,-1.00,104.91,-1
0,0,744,-1.00,-1.00,102.01,-1
0,0,745,-1.00,-1.00,101.21,-1
0,0,746,-1.00,-1.00,101.22,-1
0,0,747,-1.00,-1.00,100.72,-1
0,0,748,-1.00,-1.00,102.54,-1
0,0,749,-1.00,-1.00,103.74,-1
0,0,750,-1.00,-1.00,105.66,-1
0,0,751,-1.00,-1.00,108.40,-1
0,0,752,-1.00,-1.00,106.91,-1
0,0,753,-1.00,-1.00,106.01,-1
0,0,754,-1.00,-1.00,108.82,-1
0,0,755,-1.00,-1.00,107.97,-1
0,0,756,-1.00,-1.00,110.20,-1
0,0,757,-1.00,-1.00,110.20,-1
0,0,758,-1.00,-1.00,107.15,-1
0,0,759,-1.00,-1.00,109.16,-1
0,0,760,-1.00,-1.00,109.20,-1
0,0,761,-1.00,-1.00,108.65,-1
0,0,762,-1.00,-1.00,108.09,-1
0,0,763,-1.00,-1.00,105.75,-1
0,0,764,-1.00,-1.00,103.10,-1
0,0,765,-1.00,-1.00,100.32,-1
0,0,766,-1.00,-1.00,99.36,-1
0,0,767,-1.00,-1.00,94.61,-1
0,0,768,-1.00,-1.00,98.00,-1
0,0,769,-1.00,-1.00,97.56,-1
0,0,770,-1.00,-1.00,98.84,-1
0,0,771,-1.00,-1.00,100.85,-1
0,0,772,-1.00,-1.00,100.45,-1
0,0,773,-1.00,-1.00,100.00,-1
0,0,774,-1.00,-1.00,100.19,-1
0,0,775,-1.00,-1.00,99.41,-1
0,0,776,-1.00,-1.00,102.31,-1
0,0,777,-1.00,-1.00,102.03,-1
0,0,778,-1.00,-1.00,101.93,-1
0,0,779,-1.00,-1.00,103.92,-1
0,0,780,-1.00,-1.00,105.42,-1
0,0,781,-1.00,-1.00,106.45,-1
0,0,782,-1.00,-1.00,106.67,-1
0,0,783,-1.00,-1.00,107.79,-1
0,0,784,-1.00,-1.00,107.47,-1
0,0,785,-1.00,-1.00,110.45,-1
0,0,786,-1.00,-1.00,110.64,-1
0,0,787,-1.00,-1.00,111.41,-1
0,0,788,-1.00,-1.00,110.93,-1
0,0,789,-1.00,-1.00,111.57,-1
0,0,790,-1.00,-1.00,109.46,-1
0,0,791,-1.00,-1.00,109.33,-1
0,0,792,-1.00,-1.00,108.79,-1
0,0,793,-1.00,-1.00,108.70,-1
0,0,794,-1.00,-1.00,108.71,-1
0,0,795,-1.00,-1.00,105.42,-1
0,0,796,-1.00,-1.00,104.60,-1
0,0,797,-1.00,-1.00,107.46,-1
0,0,798,-1.00,-1.00,110.40,-1
0,0,799,-1.00,-1.00,109.67,-1
0,0,800,-1.00,-1.00,109.91,-1
0,0,801,-1.00,-1.00,107.50,-1
0,0,802,-1.00,-1.00,110.11,-1
0,0,803,-1.00,-1.00,110.89,-1
0,0,804,-1.00,-1.00,112.03,-1
0,0,805,-1.00,-1.00,112.68,-1
0,0,806,-1.00,-1.00,111.65,-1
0,0,807,-1.00,-1.00,111.33,-1
0,0,808,-1.00,-1.00,111.58,-1
0,0,809,-1.00,-1.00,112.97,-1
0,0,810,-1.00,-1.00,112.70,-1
0,0,811,-1.00,-1.00,113.62,-1
0,0,812,-1.00,-1.00,115.09,-1
0,0,813,-1.00,-1.00,118.08,-1
0,0,814,-1.00,-1.00,119.07,-1
0,0,815,-1.00,-1.00,114.68,-1
0,0,816,-1.00,-1.00,117.41,-1
0,0,817,-1.00,-1.00,116.62,-1
0,0,818,-1.00,-1.00,117.31,-1
0,0,819,-1.00,-1.00,118.70,-1
0,0,820,-1.00,-1.00,115.61,-1
0,0,821,-1.00,-1.00,114.74,-1
0,0,822,-1.00,-1.00,114.64,-1
0,0,823,-1.00,-1.00,113.67,-1
0,0,824,-1.00,-1.00,114.76,-1
0,0,825,-1.00,-1.00,115.26,-1
0,0,826,-1.00,-1.00,115.19,-1
0,0,827,-1.00,-1.00,116.77,-1
0,0,828,-1.00,-1.00,117.40,-1
0,0,829,-1.00,-1.00,116.03,-1
0,0,830,-1.00,-1.00,116.05,-1
0,0,831,-1.00,-1.00,118.42,-1
0,0,832,-1.00,-1.00,118.16,-1
0,0,833,-1.00,-1.00,116.97,-1
0,0,834,-1.00,-1.00,120.03,-1
0,0,835,-1.00,-1.00,119.14,-1
0,0,836,-1.00,-1.00,119.55,-1
0,0,837,-1.00,-1.00,118.95,-1
0,0,838,-1.00,-1.00,120.03,-1
0,0,839,-1.00,-1.00,119.25,-1
0,0,840,-1.00,-1.00,117.95,-1
0,0,841,-1.00,-1.00,117.19,-1
0,0,842,-1.00,-1.00,117.69,-1
0,0,843,-1.00,-1.00,116.15,-1
0,0,844,-1.00,-1.00,115.05,-1
0,0,845,-1.00,-1.00,115.24,-1
0,0,846,-1.00,-1.00,113.62,-1
0,0,847,-1.00,-1.00,113.56,-1
0,0,848,-1.00,-1.00,113.05,-1
0,0,849,-1.00,-1.00,113.62,-1
0,0,850,-1.00,-1.00,115.05,-1
0,0,851,-1.00,-1.00,113.66,-1
0,0,852,-1.00,-1.00,113.82,-1
0,0,853,-1.00,-1.00,114.79,-1
0,0,854,-1.00,-1.00,110.85,-1
0,0,855,-1.00,-1.00,112.86,-1
0,0,856,-1.00,-1.00,113.20,-1
0,0,857,-1.00,-1.00,118.10,-1
0,0,858,-1.00,-1.00,118.85,-1
0,0,859,-1.00,-1.00,120.62,-1
0,0,860,-1.00,-1.00,121.58,-1
0,0,861,-1.00,-1.00,120.93,-1
0,0,862,-1.00,-1.00,120.84,-1
0,0,863,-1.00,-1.00,122.70,-1
0,0,864,-1.00,-1.00,119.00,-1
0,0,865,-1.00,-1.00,120.55,-1
0,0,866,-1.00,-1.00,122.04,-1
0,0,867,-1.00,-1.00,121.88,-1
0,0,868,-1.00,-1.00,121.88,-1
0,0,869,-1.00,-1.00,122.42,-1
0,0,870,-1.00,-1.00,121.92,-1
0,0,871,-1.00,-1.00,123.52,-1
0,0,872,-1.00,-1.00,125.27,-1
0,0,873,-1.00,-1.00,125.02,-1
0,0,874,-1.00,-1.00,124.23,-1
0,0,875,-1.00,-1.00,128.02,-1
0,0,876,-1.00,-1.00,129.67,-1
0,0,877,-1.00,-1.00,129.90,-1
0,0,878,-1.00,-1.00,130.24,-1
0,0,879,-1.00,-1.00,132.13,-1
0,0,880,-1.00,-1.00,132.83,-1
0,0,881,-1.00,-1.00,132.86,-1
0,0,882,-1.00,-1.00,130.24,-1
0,0,883,-1.00,-1.00,132.35,-1
0,0,884,-1.00,-1.00,131.32,-1
0,0,885,-1.00,-1.00,131.08,-1
0,0,886,-1.00,-1.00,132.80,-1
0,0,887,-1.00,-1.00,131.98,-1
0,0,888,-1.00,-1.00,132.62,-1
0,0,889,-1.00,-1.00,132.81,-1
0,0,890,-1.00,-1.00,132.53,-1
0,0,891,-1.00,-1.00,137.50,-1
0,0,892,-1.00,-1.00,137.79,-1
0,0,893,-1.00,-1.00,138.09,-1
0,0,894,-1.00,-1.00,137.66,-1
0,0,895,-1.00,-1.00,137.70,-1
0,0,896,-1.00,-1.00,137.25,-1
0,0,897,-1.00,-1.00,137.18,-1
0,0,898,-1.00,-1.00,137.27,-1
0,0,899,-1.00,-1.00,140.33,-1
0,0,900,-1.00,-1.00,138.36,-1
0,0,901,-1.00,-1.00,137.97,-1
0,0,902,-1.00,-1.00,136.90,-1
0,0,903,-1.00,-1.00,135.33,-1
0,0,904,-1.00,-1.00,133.68,-1
0,0,905,-1.00,-1.00,134.62,-1
0,0,906,-1.00,-1.00,132.24,-1
0,0,907,-1.00,-1.00,131.39,-1
0,0,908,-1.00,-1.00,130.85,-1
0,0,909,-1.00,-1.00,132.02,-1
0,0,910,-1.00,-1.00,128.90,-1
0,0,911,-1.00,-1.00,125.62,-1
0,0,912,-1.00,-1.00,125.49,-1
0,0,913,-1.00,-1.00,127.53,-1
0,0,914,-1.00,-1.00,124.71,-1
0,0,915,-1.00,-1.00,121.45,-1
0,0,916,-1.00,-1.00,120.31,-1
0,0,917,-1.00,-1.00,119.79,-1
0,0,918,-1.00,-1.00,121.68,-1
0,0,919,-1.00,-1.00,124.39,-1
0,0,920,-1.00,-1.00,124.67,-1
0,0,921,-1.00,-1.00,124.54,-1
0,0,922,-1.00,-1.00,122.64,-1
0,0,923,-1.00,-1.00,123.84,-1
0,0,924,-1.00,-1.00,122.44,-1
0,0,925,-1.00,-1.00,122.61,-1
0,0,926,-1.00,-1.00,122.74,-1
0,0,927,-1.00,-1.00,127.42,-1
0,0,928,-1.00,-1.00,129.11,-1
0,0,929,-1.00,-1.00,129.84,-1
0,0,930,-1.00,-1.00,129.07,-1
0,0,931,-1.00,-1.00,129.59,-1
0,0,932,-1.00,-1.00,126.65,-1
0,0,933,-1.00,-1.00,127.72,-1
0,0,934,-1.00,-1.00,126.89,-1
0,0,935,-1.00,-1.00,123.29,-1
0,0,936,-1.00,-1.00,122.12,-1
0,0,937,-1.00,-1.00,120.52,-1
0,0,938,-1.00,-1.00,119.06,-1
0,0,939,-1.00,-1.00,118.81,-1
0,0,940,-1.00,-1.00,121.80,-1
0,0,941,-1.00,-1.00,123.60,-1
0,0,942,-1.00,-1.00,121.03,-1
0,0,943,-1.00,-1.00,118.52,-1
0,0,944,-1.00,-1.00,117.60,-1
0,0,945,-1.00,-1.00,119.20,-1
0,0,946,-1.00,-1.00,121.48,-1
0,0,947,-1.00,-1.00,119.89,-1
0,0,948,-1.00,-1.00,121.20,-1
0,0,949,-1.00,-1.00,119.33,-1
0,0,950,-1.00,-1.00,117.47,-1
0,0,951,-1.00,-1.00,120.71,-1
0,0,952,-1.00,-1.00,123.58,-1
0,0,953,-1.00,-1.00,122.91,-1
0,0,954,-1.00,-1.00,124.31,-1
0,0,955,-1.00,-1.00,123.45,-1
0,0,956,-1.00,-1.00,124.52,-1
0,0,957,-1.00,-1.00,125.39,-1
0,0,958,-1.00,-1.00,125.00,-1
0,0,959,-1.00,-1.00,125.26,-1
0,0,960,-1.00,-1.00,123.69,-1
0,0,961,-1.00,-1.00,126.43,-1
0,0,962,-1.00,-1.00,128.78,-1
0,0,963,-1.00,-1.00,127.45,-1
0,0,964,-1.00,-1.00,127.61,-1
0,0,965,-1.00,-1.00,126.34,-1
0,0,966,-1.00,-1.00,127.95,-1
0,0,967,-1.00,-1.00,128.41,-1
0,0,968,-1.00,-1.00,129.84,-1
0,0,969,-1.00,-1.00,131.82,-1
0,0,970,-1.00,-1.00,132.72,-1
0,0,971,-1.00,-1.00,131.49,-1
0,0,972,-1.00,-1.00,130.35,-1
0,0,973,-1.00,-1.00,131.50,-1
0,0,974,-1.00,-1.00,132.15,-1
0,0,975,-1.00,-1.00,133.20,-1
0,0,976,-1.00,-1.00,134.07,-1
0,0,977,-1.00,-1.00,134.00,-1
0,0,978,-1.00,-1.00,131.53,-1
0,0,979,-1.00,-1.00,132.25,-1
0,0,980,-1.00,-1.00,131.14,-1
0,0,981,-1.00,-1.00,131.88,-1
0,0,982,-1.00,-1.00,134.09,-1
0,0,983,-1.00,-1.00,137.00,-1
0,0,984,-1.00,-1.00,139.69,-1
0,0,985,-1.00,-1.00,137.42,-1
0,0,986,-1.00,-1.00,138.55,-1
0,0,987,-1.00,-1.00,137.91,-1
0,0,988,-1.00,-1.00,138.96,-1
0,0,989,-1.00,-1.00,138.49,-1
0,0,990,-1.00,-1.00,138.36,-1
0,0,991,-1.00,-1.00,136.78,-1
0,0,992,-1.00,-1.00,138.22,-1
0,0,993,-1.00,-1.00,137.05,-1
0,0,994,-1.00,-1.00,137.13,-1
0,0,995,-1.00,-1.00,140.84,-1
0,0,996,-1.00,-1.00,141.89,-1
0,0,997,-1.00,-1.00,143.65,-1
0,0,998,-1.00,-1.00,144.61,-1
0,0,999,-1.00,-1.00,146.54,-1
0,0,1000,-1.00,-1.00,148.49,-1
